,kanji,kana,wrong,choose,ratio
事故,事故,じこ,2,2,1.0
雇用,雇用,こよう,2,2,1.0
帰国,帰国,きこく,2,2,1.0
複数,複数,ふくすう,2,2,1.0
納付,納付,のうふ,1,2,0.5
夫婦,夫婦,ふうふ,2,2,1.0
勝負,勝負,しょうぶ,2,2,1.0
工夫,工夫,くふう,2,2,1.0
根幹,根幹,こんかん,1,2,0.5
漁港,漁港,ぎょこう,2,2,1.0
広告,広告,こうこく,1,2,0.5
革新,革新,かくしん,1,2,0.5
記述式,記述式,きじゅつしき,2,2,1.0
誓約書,誓約書,せいやくしょ,2,2,1.0
疑似,疑似,ぎじ,2,2,1.0
自粛,自粛,じしゅく,1,2,0.5
挑戦,挑戦,ちょうせん,1,2,0.5
途中,途中,とちゅう,1,2,0.5
訪日,訪日,ほうにち,2,2,1.0
是非,是非,ぜひ,1,2,0.5
台風,台風,たいふう,1,2,0.5
没頭,没頭,ぼっとう,2,2,1.0
遊牧,遊牧,ゆうぼく,1,1,1.0
凝視,凝視,ぎょうし,1,1,1.0
派出所,派出所,はしゅつじょ,1,1,1.0
栽培,栽培,さいばい,1,1,1.0
盆地,盆地,ぼんち,1,1,1.0
休憩,休憩,きゅうけい,1,1,1.0
告発,告発,こくはつ,1,1,1.0
魔法,魔法,まほう,1,1,1.0
範囲,範囲,はんい,1,1,1.0
反応,反応,はんのう,1,1,1.0
返還,返還,へんかん,1,1,1.0
制定,制定,せいてい,1,1,1.0
直前,直前,ちょくぜん,1,1,1.0
世界中,世界中,せかいじゅう,1,1,1.0
被災地,被災地,ひさいち,1,1,1.0
勘定,勘定,かんじょう,1,1,1.0
都合,都合,つごう,1,1,1.0
極端,極端,きょくたん,1,1,1.0
幼稚園,幼稚園,ようちえん,1,1,1.0
油断,油断,ゆだん,1,1,1.0
世帯,世帯,せたい,1,1,1.0
単語,単語,たんご,1,1,1.0
強盗,強盗,ごうとう,1,1,1.0
上等,上等,じょうとう,1,1,1.0
登山隊,登山隊,とざんたい,1,1,1.0
修理,修理,しゅうり,1,1,1.0
休職,休職,きゅうしょく,1,1,1.0
続行,続行,ぞっこう,1,1,1.0
備蓄,備蓄,びちく,1,1,1.0
玄関,玄関,げんかん,1,1,1.0
初旬,初旬,しょじゅん,1,1,1.0
延期,延期,えんき,1,1,1.0
大衆,大衆,たいしゅう,1,1,1.0
回答,回答,かいとう,1,1,1.0
地帯,地帯,ちたい,1,1,1.0
家屋,家屋,かおく,1,1,1.0
充実,充実,じゅうじつ,1,1,1.0
放出,放出,ほうしゅつ,1,1,1.0
接触,接触,せっしょく,1,1,1.0
免除,免除,めんじょ,1,1,1.0
伝統,伝統,でんとう,1,1,1.0
観光船,観光船,かんこうせん,1,1,1.0
寺院,寺院,じいん,1,1,1.0
風俗,風俗,ふうぞく,1,1,1.0
随分,随分,ずいぶん,1,1,1.0
乗員,乗員,じょういん,1,1,1.0
懲役,懲役,ちょうえき,1,1,1.0
損失,損失,そんしつ,1,1,1.0
浴場,浴場,よくじょう,1,1,1.0
平常,平常,へいじょう,1,1,1.0
現場,現場,げんば,1,1,1.0
賠償,賠償,ばしょう,1,1,1.0
勧誘,勧誘,かんゆう,1,1,1.0
熱帯,熱帯,ねったい,1,1,1.0
裁判,裁判,さいばん,1,1,1.0
操縦,操縦,そうじゅう,1,1,1.0
挽回策,挽回策,ばんかいさく,1,1,1.0
測候所,測候所,そっこうじょ,1,1,1.0
契約,契約,けいやく,1,1,1.0
詐欺,詐欺,さぎ,1,1,1.0
一斉,一斉,いっせい,1,1,1.0
取材,取材,しゅざい,1,1,1.0
無我夢中,無我夢中,むがむちゅう,1,1,1.0
免職,免職,めんしょく,1,1,1.0
消滅,消滅,しょうめつ,1,1,1.0
黙秘権,黙秘権,もくひけん,1,1,1.0
葬式,葬式,そうしき,1,1,1.0
増加,増加,ぞうか,1,1,1.0
便利,便利,べんり,1,1,1.0
代表,代表,だいひょう,1,1,1.0
軍兵士,軍兵士,ぐんへいし,1,1,1.0
歴史,歴史,れきし,1,1,1.0
統領,統領,とうりょう,1,1,1.0
路上,路上,ろじょう,1,1,1.0
職業,職業,しょくぎょう,1,1,1.0
敬意,敬意,けいい,1,1,1.0
衆議院,衆議院,しゅうぎいん,1,1,1.0
東北,東北,とうほく,1,1,1.0
中小,中小,ちゅうしょう,1,1,1.0
携帯,携帯,けいたい,1,1,1.0
借金,借金,しゃっきん,2,2,1.0
直径,直径,ちょっけい,2,2,1.0
旅客機,旅客機,りょかくき,2,2,1.0
一撃,一撃,いちげき,2,2,1.0
継続,継続,けいぞく,2,2,1.0
計画,計画,けいかく,2,2,1.0
積雪,積雪,せきせつ,2,2,1.0
南極,南極,なんきょく,2,2,1.0
原生花園,原生花園,げんせかえん,2,2,1.0
幻想,幻想,げんそう,2,2,1.0
自己紹介,自己紹介,じこしょうかい,2,2,1.0
経済,経済,けいざい,2,2,1.0
洪水,洪水,こうずい,2,2,1.0
立候補,立候補,りっこうほ,2,2,1.0
呼吸,呼吸,こきゅう,2,2,1.0
個人,個人,こじん,2,2,1.0
大根,大根,だいこん,2,2,1.0
工芸品,工芸品,こうげいひん,2,2,1.0
特色,特色,とくしょく,2,2,1.0
専門,専門,せんもん,2,2,1.0
牧場,牧場,ぼくじょう,2,2,1.0
脅迫,脅迫,きょうはく,2,2,1.0
自力,自力,じりき,2,2,1.0
記録,記録,きろく,2,2,1.0
競争,競争,きょうそう,2,2,1.0
去就,去就,きょしゅう,2,2,1.0
研究,研究,けんきゅう,2,2,1.0
工具,工具,こうぐ,2,2,1.0
文句,文句,もんく,2,2,1.0
決勝戦,決勝戦,けっしょうせん,2,2,1.0
味覚,味覚,みかく,2,2,1.0
拡大,拡大,かくだい,2,2,1.0
世間,世間,せけん,2,2,1.0
幸福,幸福,こうふく,2,2,1.0
行政,行政,ぎょうせい,2,2,1.0
特殊,特殊,とくしゅ,2,2,1.0
視聴率,視聴率,しちょうりつ,2,2,1.0
外科,外科,げか,2,2,1.0
姿勢,姿勢,しせい,2,2,1.0
石器,石器,せっき,2,2,1.0
所属,所属,しょぞく,2,2,1.0
請求権,請求権,せいきゅうけん,2,2,1.0
去年,去年,きょねん,2,2,1.0
存続,存続,そんぞく,2,2,1.0
錯誤,錯誤,さくご,2,2,1.0
組織,組織,そしき,2,2,1.0
化粧品,化粧品,けしょうひん,2,2,1.0
宗教,宗教,しゅうきょう,2,2,1.0
財源,財源,ざいげん,2,2,1.0
抑止,抑止,よくし,2,2,1.0
原油,原油,げんゆ,2,2,1.0
雑草,雑草,ざっそう,2,2,1.0
在住,在住,ざいじゅう,2,2,1.0
朝食,朝食,ちょうしょく,2,2,1.0
保証,保証,ほしょう,2,2,1.0
故郷,故郷,こきょう,2,2,1.0
女性,女性,じょせい,2,2,1.0
回顧,回顧,かいこ,2,2,1.0
入荷,入荷,にゅうか,2,2,1.0
看護師,看護師,かんごし,2,2,1.0
寄与,寄与,きよ,2,2,1.0
激励,激励,げきれい,2,2,1.0
常駐,常駐,じょうちゅう,2,2,1.0
拡充,拡充,かくじゅう,2,2,1.0
注文,注文,ちゅうもん,2,2,1.0
助長,助長,じょちょう,2,2,1.0
限界,限界,げんかい,2,2,1.0
誇張,誇張,こちょう,2,2,1.0
依頼,依頼,いらい,2,2,1.0
寿命,寿命,じゅみょう,2,2,1.0
出勤,出勤,しゅっきん,2,2,1.0
急激,急激,きゅうげき,2,2,1.0
堅実,堅実,けんじつ,2,2,1.0
危惧,危惧,きぐ,2,2,1.0
快挙,快挙,かいきょ,2,2,1.0
喜劇,喜劇,きげき,2,2,1.0
恐縮,恐縮,きょうしゅく,2,2,1.0
印象,印象,いんしょう,2,2,1.0
免許証,免許証,めんきょしょう,2,2,1.0
余裕,余裕,よゆう,2,2,1.0
還元,還元,かんげん,2,2,1.0
秩序,秩序,ちつじょ,2,2,1.0
停滞,停滞,ていたい,2,2,1.0
始終,始終,しじゅう,2,2,1.0
逸脱,逸脱,いつだつ,2,2,1.0
詳細,詳細,しょうさい,2,2,1.0
博物館,博物館,はくぶつかん,3,3,1.0
保健所,保健所,ほけんじょ,3,3,1.0
抜本的,抜本的,ばっぽんてき,4,4,1.0
居住地,居住地,きょじゅうち,4,4,1.0
証拠,証拠,しょうこ,4,4,1.0
流氷,流氷,りゅうひょう,2,3,0.67
警戒,警戒,けいかい,1,2,0.5
記事,記事,きじ,1,2,0.5
平和,平和,へいわ,1,2,0.5
高齢化,高齢化,こうれいか,1,2,0.5
殺傷,殺傷,さっしょう,1,2,0.5
満足,満足,まんぞく,1,2,0.5
法律,法律,ほうりつ,1,2,0.5
売買,売買,ばいばい,1,2,0.5
条件,条件,じょうけん,1,2,0.5
以降,以降,いこう,1,2,0.5
奨学金,奨学金,しょうがくきん,1,2,0.5
土曜日,土曜日,どようび,1,2,0.5
探査,探査,たんさ,1,2,0.5
体育,体育,たいいく,1,2,0.5
国土,国土,こくど,1,2,0.5
相談,相談,そうだん,1,2,0.5
映像,映像,えいぞう,1,2,0.5
設置,設置,せっち,1,2,0.5
神社,神社,じんじゃ,1,2,0.5
選手,選手,せんしゅ,1,2,0.5
区域,区域,くいき,1,2,0.5
趣向,趣向,しゅこう,1,2,0.5
権力,権力,けんりょく,1,2,0.5
除去,除去,じょきょ,1,2,0.5
頂戴,頂戴,ちょうだい,1,2,0.5
民主,民主,みんしゅ,1,2,0.5
自然,自然,しぜん,1,2,0.5
様子,様子,ようす,1,2,0.5
合併,合併,がっぺい,1,2,0.5
役員,役員,やくいん,1,2,0.5
対象,対象,たいしょう,1,2,0.5
潜伏,潜伏,せんぷく,1,2,0.5
寄付,寄付,きふ,1,2,0.5
腐敗,腐敗,ふはい,1,2,0.5
規格,規格,きかく,1,2,0.5
購入,購入,こうにゅう,1,2,0.5
好評,好評,こうひょう,1,2,0.5
好況,好況,こうきょう,1,2,0.5
合同,合同,ごうどう,1,2,0.5
結合,結合,けつごう,1,2,0.5
合宿,合宿,がっしゅく,1,2,0.5
会話,会話,かいわ,1,2,0.5
返済,返済,へんさい,1,2,0.5
決済,決済,けっさい,1,2,0.5
基本,基本,きほん,1,2,0.5
爬虫類,爬虫類,はちゅうるい,1,2,0.5
漂流,漂流,ひょうりゅう,1,2,0.5
趣味,趣味,しゅみ,1,2,0.5
温泉,温泉,おんせん,1,2,0.5
積極,積極,せっきょく,1,2,0.5
簡潔,簡潔,かんけつ,1,2,0.5
人間,人間,にんげん,1,2,0.5
嫌悪感,嫌悪感,けんおかん,1,2,0.5
繁栄,繁栄,はんえい,1,2,0.5
文房具,文房具,ぶんぼうぐ,1,2,0.5
訓練,訓練,くんれん,1,2,0.5
記憶,記憶,きおく,1,2,0.5
上昇,上昇,じょうしょう,1,2,0.5
実施,実施,じっし,1,2,0.5
文字,文字,もじ,1,2,0.5
管轄,管轄,かんかつ,1,2,0.5
防波堤,防波堤,ぼうはてい,1,2,0.5
補償,補償,ほしょう,1,2,0.5
爆発,爆発,ばくはつ,1,2,0.5
考慮,考慮,こうりょ,1,2,0.5
新鮮,新鮮,しんせん,1,2,0.5
蒼白,蒼白,そうはく,1,2,0.5
失敗,失敗,しっぱい,1,2,0.5
暴力,暴力,ぼうりょく,1,2,0.5
猥褻,猥褻,わいせつ,1,2,0.5
常識,常識,じょうしき,1,2,0.5
観測,観測,かんそく,1,2,0.5
潜在的,潜在的,せんざいてき,1,2,0.5
強要,強要,きょうよう,1,2,0.5
親友,親友,しんゆう,1,2,0.5
一瞬,一瞬,いっしゅん,1,2,0.5
小説家,小説家,しょうせつか,1,2,0.5
撤退,撤退,てったい,1,2,0.5
勝敗,勝敗,しょうはい,1,2,0.5
一般,一般,いっぱん,1,2,0.5
機種,機種,きしゅ,1,2,0.5
重点的,重点的,じゅうてんてき,1,2,0.5
奮闘,奮闘,ふんとう,1,2,0.5
防衛省,防衛省,ぼうえいしょう,1,2,0.5
猶予,猶予,ゆうよ,1,2,0.5
予約,予約,よやく,1,2,0.5
宿直,宿直,しゅくちょく,1,2,0.5
消防庁,消防庁,しょうぼうちょう,1,2,0.5
諭旨,諭旨,ゆし,1,2,0.5
担当,担当,たんとう,1,2,0.5
納得,納得,なっとく,1,2,0.5
中央,中央,ちゅうおう,1,2,0.5
期待,期待,きたい,1,2,0.5
新聞,新聞,しんぶん,1,2,0.5
温暖,温暖,おんだん,1,2,0.5
機関,機関,きかん,1,2,0.5
復讐,復讐,ふくしゅう,1,2,0.5
最初,最初,さいしょ,1,2,0.5
当初,当初,とうしょ,1,2,0.5
処分,処分,しょぶん,1,2,0.5
沈没,沈没,ちんぼつ,1,2,0.5
成否,成否,せいひ,1,2,0.5
保護,保護,ほご,1,2,0.5
人格,人格,じんかく,1,2,0.5
介護,介護,かいご,1,2,0.5
結構,結構,けっこう,1,2,0.5
承知,承知,しょうち,1,2,0.5
乗客,乗客,じょうきゃく,1,2,0.5
合格,合格,ごうかく,1,2,0.5
衝突,衝突,しょうとつ,1,2,0.5
実態,実態,じったい,1,2,0.5
博士,博士,はくし,1,2,0.5
部署,部署,ぶしょ,1,2,0.5
教材,教材,きょうざい,1,2,0.5
過少,過少,かしょう,1,2,0.5
民事訴訟,民事訴訟,みんじそしょう,1,2,0.5
技術,技術,ぎじゅつ,1,2,0.5
注目,注目,ちゅうもく,1,2,0.5
開幕,開幕,かいまく,1,2,0.5
準則,準則,じゅんそく,1,2,0.5
責任,責任,せきにん,1,2,0.5
活発,活発,かっぱつ,1,2,0.5
欲望,欲望,よくぼう,2,4,0.5
白内障,白内障,はくないしょう,1,3,0.33
扇風機,扇風機,せんぷうき,1,3,0.33
愉快,愉快,ゆかい,1,3,0.33
初回,初回,しょかい,1,3,0.33
説明,説明,せつめい,1,3,0.33
飼育,飼育,しいく,1,3,0.33
消費,消費,しょうひ,1,3,0.33
未遂,未遂,みすい,1,3,0.33
出席,出席,しゅっせき,1,3,0.33
検出,検出,けんしゅつ,1,3,0.33
主力,主力,しゅりょく,1,3,0.33
不適切,不適切,ふてきせつ,1,3,0.33
最強,最強,さいきょう,1,3,0.33
軍人,軍人,ぐんじん,1,3,0.33
全国,全国,ぜんこく,1,3,0.33
燃料,燃料,ねんりょう,1,3,0.33
主役,主役,しゅやく,0,1,0.0
主導,主導,しゅどう,0,1,0.0
基準,基準,きじゅん,0,1,0.0
卒業,卒業,そつぎょう,0,1,0.0
昨年,昨年,さくねん,0,1,0.0
人物像,人物像,じんぶつぞう,0,1,0.0
小学校,小学校,しょうがっこう,0,1,0.0
許可,許可,きょか,0,1,0.0
講演,講演,こうえん,0,1,0.0
方言,方言,ほうげん,0,1,0.0
研修,研修,けんしゅう,0,1,0.0
照会,照会,しょうかい,0,1,0.0
振興,振興,しんこう,0,1,0.0
製紙,製紙,せいし,0,1,0.0
志向,志向,しこう,0,1,0.0
直接,直接,ちょくせつ,0,1,0.0
終了,終了,しゅうりょう,0,1,0.0
品種,品種,ひんしゅ,0,1,0.0
人物,人物,じんぶつ,0,1,0.0
人気,人気,にんき,0,1,0.0
柔道,柔道,じゅうどう,0,1,0.0
騒然,騒然,そうぜん,0,1,0.0
校舎,校舎,こうしゃ,0,1,0.0
深夜,深夜,しんや,0,1,0.0
委託,委託,いたく,0,1,0.0
開拓,開拓,かいたく,0,1,0.0
完成,完成,かんせい,0,1,0.0
危機,危機,きき,0,1,0.0
偽造,偽造,ぎぞう,0,1,0.0
指紋,指紋,しもん,0,1,0.0
舞台,舞台,ぶたい,0,1,0.0
西洋,西洋,せいよう,0,1,0.0
分析,分析,ぶんせき,0,1,0.0
在庫,在庫,ざいこ,0,1,0.0
昆虫,昆虫,こんちゅう,0,1,0.0
丘陵,丘陵,きゅうりょう,0,1,0.0
恐竜,恐竜,きょうりゅう,0,1,0.0
冒頭,冒頭,ぼうとう,0,1,0.0
緻密,緻密,ちみつ,0,1,0.0
睡眠,睡眠,すいみん,0,1,0.0
週末,週末,しゅうまつ,0,1,0.0
始末,始末,しまつ,0,1,0.0
粘膜,粘膜,ねんまく,0,1,0.0
清掃,清掃,せいそう,0,1,0.0
傾斜,傾斜,けいしゃ,0,1,0.0
退屈,退屈,たいくつ,0,1,0.0
正確,正確,せいかく,0,1,0.0
返却,返却,へんきゃく,0,1,0.0
集約,集約,しゅうやく,0,1,0.0
至急,至急,しきゅう,0,1,0.0
高級,高級,こうきゅう,0,1,0.0
減少,減少,げんしょう,0,1,0.0
講習,講習,こうしゅう,0,1,0.0
将来,将来,しょうらい,0,1,0.0
結局,結局,けっきょく,0,1,0.0
解散,解散,かいさん,0,1,0.0
浸透,浸透,しんとう,0,1,0.0
風景,風景,ふうけい,0,1,0.0
景色,景色,けしき,0,1,0.0
殺菌,殺菌,さっきん,0,1,0.0
苦労,苦労,くろう,0,1,0.0
維持,維持,いじ,0,1,0.0
抽選,抽選,ちゅうせん,0,1,0.0
刺激,刺激,しげき,0,1,0.0
催促,催促,さいそく,0,1,0.0
存在,存在,そんざい,0,1,0.0
大抵,大抵,たいてい,0,1,0.0
配達,配達,はいたつ,0,1,0.0
調達,調達,ちょうたつ,0,1,0.0
待遇,待遇,たいぐう,0,1,0.0
悪徳,悪徳,あくとく,0,1,0.0
地域,地域,ちいき,0,1,0.0
冷凍,冷凍,れいとう,0,1,0.0
短時間,短時間,たんじかん,0,1,0.0
先端,先端,せんたん,0,1,0.0
多忙,多忙,たぼう,0,1,0.0
注意,注意,ちゅうい,0,1,0.0
総理,総理,そうり,0,1,0.0
一足,一足,いっそく,0,1,0.0
親族,親族,しんぞく,0,1,0.0
曖昧,曖昧,あいまい,0,1,0.0
凹凸,凹凸,おうとつ,0,1,0.0
抜群,抜群,ばつぐん,0,1,0.0
抱負,抱負,ほうふ,0,1,0.0
暴露,暴露,ばくろ,0,1,0.0
閉校,閉校,へいこう,0,1,0.0
宿泊,宿泊,しゅくはく,0,1,0.0
採集,採集,さいしゅう,0,1,0.0
政策,政策,せいさく,0,1,0.0
推測,推測,すいそく,0,1,0.0
議長,議長,ぎちょう,0,1,0.0
音楽,音楽,おんがく,0,1,0.0
対応,対応,たいおう,0,1,0.0
応援,応援,おうえん,0,1,0.0
永遠,永遠,えいえん,0,1,0.0
支援,支援,しえん,0,1,0.0
原因,原因,げんいん,0,1,0.0
電源,電源,でんげん,0,1,0.0
躍動,躍動,やくどう,0,1,0.0
運転,運転,うんてん,0,1,0.0
賛成,賛成,さんせい,0,1,0.0
障害,障害,しょうがい,0,1,0.0
方針,方針,ほうしん,0,1,0.0
政治,政治,せいじ,0,1,0.0
整備,整備,せいび,0,1,0.0
影響,影響,えいきょう,0,1,0.0
現象,現象,げんしょう,0,1,0.0
意向,意向,いこう,0,1,0.0
学校,学校,がっこう,0,1,0.0
自信,自信,じしん,0,1,0.0
実行,実行,じっこう,0,1,0.0
航行,航行,こうこう,0,1,0.0
刑法,刑法,けいほう,0,1,0.0
同様,同様,どうよう,0,1,0.0
洋上,洋上,ようじょう,0,1,0.0
月曜日,月曜日,げつようび,0,1,0.0
水曜日,水曜日,すいようび,0,1,0.0
木曜日,木曜日,もくようび,0,1,0.0
金曜日,金曜日,きんようび,0,1,0.0
日曜日,日曜日,にちようび,0,1,0.0
要因,要因,よういん,0,1,0.0
税務,税務,ぜいむ,0,1,0.0
水産,水産,すいさん,0,1,0.0
診療所,診療所,しんりょうじょ,0,1,0.0
二酸化炭素,二酸化炭素,にさんかたんそ,0,1,0.0
問題,問題,もんだい,0,1,0.0
鉄道,鉄道,てつどう,0,1,0.0
停電,停電,ていでん,0,1,0.0
家庭,家庭,かてい,0,1,0.0
通行,通行,つうこう,0,1,0.0
投資,投資,とうし,0,1,0.0
推定,推定,すいてい,0,1,0.0
引退,引退,いんたい,0,1,0.0
外国,外国,がいこく,0,1,0.0
想定,想定,そうてい,0,1,0.0
商社,商社,しょうしゃ,0,1,0.0
施設,施設,しせつ,0,1,0.0
撮影,撮影,さつえい,0,1,0.0
自身,自身,じしん,0,1,0.0
身体,身体,しんたい,0,1,0.0
優勝,優勝,ゆうしょう,0,1,0.0
時効,時効,じこう,0,1,0.0
実現,実現,じつげん,0,1,0.0
適用,適用,てきよう,0,1,0.0
食中毒,食中毒,しょくちゅうどく,0,1,0.0
食品,食品,しょくひん,0,1,0.0
化石,化石,かせき,0,1,0.0
首相,首相,しゅしょう,0,1,0.0
約束,約束,やくそく,0,1,0.0
兵書,兵書,へいしょ,0,1,0.0
数千年,数千年,すうせんねん,0,1,0.0
事情,事情,じじょう,0,1,0.0
情報,情報,じょうほう,0,1,0.0
要請,要請,ようせい,0,1,0.0
請求,請求,せいきゅう,0,1,0.0
軽視,軽視,けいし,0,1,0.0
地球,地球,ちきゅう,0,1,0.0
頭取,頭取,とうどり,0,1,0.0
証券,証券,しょうけん,0,1,0.0
債権,債権,さいけん,0,1,0.0
権利,権利,けんり,0,1,0.0
容疑者,容疑者,ようぎしゃ,0,1,0.0
侮辱,侮辱,ぶじょく,0,1,0.0
入札,入札,にゅうさつ,0,1,0.0
殺人,殺人,さつじん,0,1,0.0
事実上,事実上,じじつじょう,0,1,0.0
帽子,帽子,ぼうし,0,1,0.0
美容,美容,びよう,0,1,0.0
魅力,魅力,みりょく,0,1,0.0
非難,非難,ひなん,0,1,0.0
県内,県内,けんない,0,1,0.0
判断,判断,はんだん,0,1,0.0
判決,判決,はんけつ,0,1,0.0
培養,培養,ばいよう,0,1,0.0
支配,支配,しはい,0,1,0.0
配置,配置,はいち,0,1,0.0
盆栽,盆栽,ぼんさい,0,1,0.0
破片,破片,はへん,0,1,0.0
投票,投票,とうひょう,0,1,0.0
製品,製品,せいひん,0,1,0.0
平年,平年,へいねん,0,1,0.0
平気,平気,へいき,0,1,0.0
店舗,店舗,てんぽ,0,1,0.0
侵害,侵害,しんがい,0,1,0.0
衣類,衣類,いるい,0,1,0.0
失礼,失礼,しつれい,0,1,0.0
理屈,理屈,りくつ,0,1,0.0
物理,物理,ぶつり,0,1,0.0
利益,利益,りえき,0,1,0.0
理想,理想,りそう,0,1,0.0
能力,能力,のうりょく,0,1,0.0
努力,努力,どりょく,0,1,0.0
私立,私立,しりつ,0,1,0.0
設立,設立,せつりつ,0,1,0.0
着陸,着陸,ちゃくりく,0,1,0.0
確率,確率,かくりつ,0,1,0.0
旅館,旅館,りょかん,0,1,0.0
勿論,勿論,もちろん,0,1,0.0
連絡,連絡,れんらく,0,1,0.0
墜落,墜落,ついらく,0,1,0.0
発売,発売,はつばい,0,1,0.0
満載,満載,まんさい,0,1,0.0
国境,国境,こっきょう,0,1,0.0
就職,就職,しゅうしょく,0,1,0.0
飲酒,飲酒,いんしゅ,0,1,0.0
具体,具体,ぐたい,0,1,0.0
刑事局,刑事局,けいじきょく,0,1,0.0
国税局,国税局,こくぜいきょく,0,1,0.0
拠点,拠点,きょてん,0,1,0.0
決算,決算,けっさん,0,1,0.0
客様,客様,きゃくさま,0,1,0.0
観光客,観光客,かんこうきゃく,0,1,0.0
困惑,困惑,こんわく,0,1,0.0
統括,統括,とうかつ,0,1,0.0
労働,労働,ろうどう,0,1,0.0
老人,老人,ろうじん,0,1,0.0
検事,検事,けんじ,0,1,0.0
削減,削減,さくげん,0,1,0.0
教科書,教科書,きょうかしょ,0,1,0.0
教会,教会,きょうかい,0,1,0.0
性交罪,性交罪,せいこうざい,0,1,0.0
交通,交通,こうつう,0,1,0.0
結末,結末,けつまつ,0,1,0.0
傑作,傑作,けっさく,0,1,0.0
解決,解決,かいけつ,0,1,0.0
解明,解明,かいめい,0,1,0.0
解任,解任,かいにん,0,1,0.0
面接,面接,めんせつ,0,1,0.0
進出,進出,しんしゅつ,0,1,0.0
競馬,競馬,けいば,0,1,0.0
経営,経営,けいえい,0,1,0.0
計上,計上,けいじょう,0,1,0.0
余計,余計,よけい,0,1,0.0
収集,収集,しゅうしゅう,0,1,0.0
集会,集会,しゅうかい,0,1,0.0
追跡,追跡,ついせき,0,1,0.0
実績,実績,じっせき,0,1,0.0
普及,普及,ふきゅう,0,1,0.0
減給,減給,げんきゅう,0,1,0.0
支給,支給,しきゅう,0,1,0.0
甲乙,甲乙,こうおつ,0,1,0.0
評価,評価,ひょうか,0,1,0.0
物価,物価,ぶっか,0,1,0.0
加害者,加害者,かがいしゃ,0,1,0.0
時間,時間,じかん,0,1,0.0
簡単,簡単,かんたん,0,1,0.0
喧嘩,喧嘩,けんか,0,1,0.0
万華鏡,万華鏡,まんげきょう,0,1,0.0
倒壊,倒壊,とうかい,0,1,0.0
懐石,懐石,かいせき,0,1,0.0
患者,患者,かんじゃ,0,1,0.0
環境,環境,かんきょう,0,1,0.0
今回,今回,こんかい,0,1,0.0
結婚,結婚,けっこん,0,1,0.0
兵火,兵火,へいか,0,2,0.0
火曜日,火曜日,かようび,0,2,0.0
住宅,住宅,じゅうたく,0,2,0.0
戦争,戦争,せんそう,0,2,0.0
背景,背景,はいけい,1,2,0.5
必要,必要,ひつよう,0,2,0.0
鉛筆,鉛筆,えんぴつ,0,2,0.0
閉鎖,閉鎖,へいさ,0,1,0.0
変更,変更,へんこう,0,1,0.0
周辺,周辺,しゅうへん,0,1,0.0
発表,発表,はっぴょう,0,1,0.0
目標,目標,もくひょう,0,1,0.0
選別,選別,せんべつ,0,1,0.0
練兵,練兵,れんぺい,0,1,0.0
兵器,兵器,へいき,0,1,0.0
病院,病院,びょういん,0,1,0.0
難病,難病,なんびょう,0,1,0.0
練習,練習,れんしゅう,0,1,0.0
両親,両親,りょうしん,0,1,0.0
医療,医療,いりょう,0,1,0.0
飲料,飲料,いんりょう,0,1,0.0
農林,農林,のうりん,0,1,0.0
隣国,隣国,りんこく,0,1,0.0
道路,道路,どうろ,0,1,0.0
営業,営業,えいぎょう,0,1,0.0
事業,事業,じぎょう,0,1,0.0
一緒,一緒,いっしょ,0,1,0.0
一生,一生,いっしょう,0,1,0.0
戦備,戦備,せんび,0,1,0.0
準備,準備,じゅんび,0,1,0.0
被害,被害,ひがい,0,1,0.0
悲鳴,悲鳴,ひめい,0,1,0.0
北陸,北陸,ほくりく,0,1,0.0
先輩,先輩,せんぱい,0,1,0.0
学科,学科,がっか,0,1,0.0
可能性,可能性,かのうせい,0,1,0.0
追徴課税,追徴課税,ついちょうかぜい,0,1,0.0
課題,課題,かだい,0,1,0.0
深刻,深刻,しんこく,0,1,0.0
困難,困難,こんなん,0,1,0.0
効果,効果,こうか,0,1,0.0
協力,協力,きょうりょく,0,1,0.0
協定,協定,きょうてい,0,1,0.0
協議,協議,きょうぎ,0,1,0.0
謝罪,謝罪,しゃざい,0,1,0.0
絶対,絶対,ぜったい,0,1,0.0
健康,健康,けんこう,0,1,0.0
以下,以下,いか,0,1,0.0
先生,先生,せんせい,0,1,0.0
現状,現状,げんじょう,0,1,0.0
限定,限定,げんてい,0,1,0.0
安定法,安定法,あんていほう,0,1,0.0
接岸,接岸,せつがん,0,1,0.0
報酬,報酬,ほうしゅう,0,1,0.0
選挙,選挙,せんきょ,0,1,0.0
入居,入居,にゅうきょ,0,1,0.0
決断,決断,けつだん,0,1,0.0
決定,決定,けってい,0,1,0.0
聖火,聖火,せいか,0,2,0.0
活動,活動,かつどう,0,2,0.0
生活,生活,せいかつ,0,2,0.0
小惑星,小惑星,しょうわくせい,0,2,0.0
実際,実際,じっさい,0,2,0.0
指摘,指摘,してき,0,2,0.0
国際,国際,こくさい,0,2,0.0
題目,題目,だいもく,0,2,0.0
海賊,海賊,かいぞく,0,2,0.0
資材費,資材費,しざいひ,0,2,0.0
材料,材料,ざいりょう,0,2,0.0
県民,県民,けんみん,0,2,0.0
署名,署名,しょめい,0,2,0.0
海洋,海洋,かいよう,0,2,0.0
損害,損害,そんがい,0,2,0.0
逮捕,逮捕,たいほ,0,2,0.0
補助,補助,ほじょ,0,2,0.0
歩道,歩道,ほどう,0,2,0.0
恐怖,恐怖,きょうふ,0,2,0.0
韓国,韓国,かんこく,0,2,0.0
銀行,銀行,ぎんこう,0,2,0.0
寒波,寒波,かんぱ,0,2,0.0
一部,一部,いちぶ,0,2,0.0
分布,分布,ぶんぶ,0,2,0.0
航空,航空,こうくう,0,2,0.0
結婚式,結婚式,けっこんしき,0,2,0.0
知識,知識,ちしき,0,2,0.0
湿度,湿度,しつど,0,2,0.0
温室,温室,おんしつ,0,2,0.0
新作,新作,しんさく,0,2,0.0
欠航,欠航,けっこう,0,2,0.0
歯科,歯科,しか,0,2,0.0
仕事,仕事,しごと,0,2,0.0
警視庁,警視庁,けいしちょう,0,2,0.0
使用,使用,しよう,0,2,0.0
意識,意識,いしき,0,2,0.0
行列,行列,ぎょうれつ,0,2,0.0
恒久,恒久,こうきゅう,0,2,0.0
乗務,乗務,じょうむ,0,2,0.0
懲戒,懲戒,ちょうかい,0,2,0.0
程度,程度,ていど,0,2,0.0
過程,過程,かてい,0,2,0.0
紅葉,紅葉,こうよう,0,2,0.0
後悔,後悔,こうかい,0,2,0.0
成長,成長,せいちょう,0,2,0.0
誠実,誠実,せいじつ,0,2,0.0
成立,成立,せいりつ,0,2,0.0
最後,最後,さいご,0,2,0.0
今後,今後,こんご,0,2,0.0
子宮,子宮,しきゅう,0,2,0.0
骨折,骨折,こっせつ,0,2,0.0
関係,関係,かんけい,0,2,0.0
各国,各国,かっこく,0,2,0.0
共有,共有,きょうゆう,0,2,0.0
共同,共同,きょうどう,0,2,0.0
提供,提供,ていきょう,0,2,0.0
成功,成功,せいこう,0,2,0.0
政務官,政務官,せいむかん,0,2,0.0
光景,光景,こうけい,0,2,0.0
大規模,大規模,だいきぼ,0,2,0.0
軌道,軌道,きどう,0,2,0.0
些細,些細,ささい,0,2,0.0
零細,零細,れいさい,0,2,0.0
洗濯,洗濯,せんたく,0,2,0.0
結果,結果,けっか,0,2,0.0
改正,改正,かいせい,0,2,0.0
微生物,微生物,びせいぶつ,0,2,0.0
危険,危険,きけん,0,2,0.0
学習,学習,がくしゅう,0,2,0.0
大切,大切,たいせつ,0,2,0.0
大変,大変,たいへん,0,2,0.0
大丈夫,大丈夫,だいじょうぶ,0,2,0.0
達成感,達成感,たっせいかん,0,2,0.0
上達,上達,じょうたつ,0,2,0.0
微力,微力,びりょく,0,2,0.0
改善,改善,かいぜん,0,2,0.0
空港,空港,くうこう,0,2,0.0
主催,主催,しゅさい,0,2,0.0
開催,開催,かいさい,0,2,0.0
寸前,寸前,すんぜん,0,2,0.0
農村部,農村部,のうそんぶ,0,2,0.0
大量,大量,たいりょう,0,2,0.0
高騰,高騰,こうとう,0,2,0.0
高等,高等,こうとう,0,2,0.0
帝国,帝国,ていこく,0,2,0.0
選択,選択,せんたく,0,2,0.0
学生,学生,がくせい,0,2,0.0
辞意,辞意,じい,0,2,0.0
勧告,勧告,かんこく,0,2,0.0
一刀,一刀,いっとう,0,2,0.0
半島,半島,はんとう,0,2,0.0
殺到,殺到,さっとう,0,2,0.0
革新的,革新的,かくしんてき,0,2,0.0
所得,所得,しょとく,0,2,0.0
申告,申告,しんこく,0,2,0.0
価格,価格,かかく,0,2,0.0
軽率,軽率,けいそつ,0,2,0.0
漁師,漁師,りょうし,0,2,0.0
加担,加担,かたん,0,2,0.0
本当,本当,ほんとう,0,2,0.0
発送,発送,はっそう,0,2,0.0
通信,通信,つうしん,0,2,0.0
宇宙,宇宙,うちゅう,0,2,0.0
雨林,雨林,うりん,0,2,0.0
矛盾,矛盾,むじゅん,0,2,0.0
最多,最多,さいた,0,2,0.0
信用,信用,しんよう,0,2,0.0
遊園地,遊園地,ゆうえんち,0,2,0.0
妨害,妨害,ぼうがい,0,2,0.0
祭典,祭典,さいてん,0,2,0.0
一定,一定,いってい,0,3,0.0
株式市場,株式市場,かぶしきしじょう,1,3,0.33
市場,市場,しじょう,0,3,0.0
常務,常務,じょうむ,0,3,0.0
通常,通常,つうじょう,0,2,0.0
会場,会場,かいじょう,0,2,0.0
場所,場所,ばしょ,0,2,0.0
監督,監督,かんとく,0,3,0.0
確認,確認,かくにん,0,3,0.0
発熱,発熱,はつねつ,0,3,0.0
整腸薬,整腸薬,せいちょうやく,0,3,0.0
徹底,徹底,てってい,0,3,0.0
全体,全体,ぜんたい,0,3,0.0
都市部,都市部,としぶ,0,3,0.0
菜園,菜園,さいえん,0,3,0.0
残酷,残酷,ざんこく,0,3,0.0
参議院,参議院,さんぎいん,0,3,0.0
人生,人生,じんせい,0,3,0.0
栄養,栄養,えいよう,0,3,0.0
採算,採算,さいさん,0,3,0.0
断念,断念,だんねん,0,3,0.0
調査,調査,ちょうさ,0,3,0.0
検査,検査,けんさ,0,3,0.0
捜査,捜査,そうさ,0,3,0.0
参加,参加,さんか,0,3,0.0
対策,対策,たいさく,0,3,0.0
警察,警察,けいさつ,0,3,0.0
延長,延長,えんちょう,0,3,0.0
倒産,倒産,とうさん,0,3,0.0
普通,普通,ふつう,0,3,0.0
同期,同期,どうき,0,3,0.0
飛躍,飛躍,ひやく,0,3,0.0
新卒者,新卒者,しんそつしゃ,0,3,0.0
最高,最高,さいこう,0,3,0.0
尊敬,尊敬,そんけい,0,3,0.0
順調,順調,じゅんちょう,0,3,0.0
特産,特産,とくさん,0,3,0.0
体長,体長,たいちょう,0,3,0.0
周年,周年,しゅうねん,0,3,0.0
出張,出張,しゅっちょう,0,3,0.0
掃除,掃除,そうじ,0,3,0.0
青春,青春,せいしゅん,0,3,0.0
低迷,低迷,ていめい,0,3,0.0
地震,地震,じしん,0,3,0.0
地位,地位,ちい,0,3,0.0
廃業,廃業,はいぎょう,0,3,0.0
廃止,廃止,はいし,0,3,0.0
死亡,死亡,しぼう,0,3,0.0
指定,指定,してい,0,3,0.0
状況,状況,じょうきょう,0,3,0.0
復習,復習,ふくしゅう,0,3,0.0
空気,空気,くうき,0,3,0.0
寛容,寛容,かんよう,0,3,0.0
植物,植物,しょくぶつ,0,3,0.0
可否,可否,かひ,0,3,0.0
否認,否認,ひにん,0,3,0.0
福州,福州,ふくしゅう,0,3,0.0
抗議,抗議,こうぎ,0,3,0.0
興奮,興奮,こうふん,0,3,0.0
賛否,賛否,さんぴ,0,3,0.0
恩赦,恩赦,おんしゃ,0,3,0.0
乳酸菌,乳酸菌,にゅうさんきん,0,3,0.0
平均,平均,へいきん,0,3,0.0
展開,展開,てんかい,0,3,0.0
楽器,楽器,がっき,0,3,0.0
多様化,多様化,たようか,0,3,0.0
金額,金額,きんがく,0,3,0.0
悪化,悪化,あっか,0,3,0.0
重要,重要,じゅうよう,0,3,0.0
看板,看板,かんばん,0,3,0.0
応募,応募,おうぼ,0,3,0.0
俳優,俳優,はいゆう,0,3,0.0
販売,販売,はんばい,0,3,0.0
放棄,放棄,ほうき,0,3,0.0
模倣,模倣,もほう,0,3,0.0
開発,開発,かいはつ,0,3,0.0
発言,発言,はつげん,0,3,0.0
方法,方法,ほうほう,0,3,0.0
犯人,犯人,はんにん,0,3,0.0
決議,決議,けつぎ,0,3,0.0
希望,希望,きぼう,0,3,0.0
違反,違反,いはん,0,3,0.0
委員会,委員会,いいんかい,0,3,0.0
